problem_id,domain,category,problem_intent,problem_definition,government_route_condition,innovation_route_condition,hybrid_route_condition
PRB0001,Water Resources & Drinking Water,Village Water Scarcity & Dry Wells,Village Water Scarcity & Dry Wells Intent,Detailed civic issue under Water Resources & Drinking Water: Village Water Scarcity & Dry Wells.,"Routine administrative maintenance, repair, staff posting, or scheme execution.","Requires new R&D, IoT sensor network, AI computer vision, or hardware prototyping.",Requires immediate field relief today + long-term university research innovation.
PRB0002,Water Resources & Drinking Water,Summer Groundwater Depletion,Summer Groundwater Depletion Intent,Detailed civic issue under Water Resources & Drinking Water: Summer Groundwater Depletion.,"Routine administrative maintenance, repair, staff posting, or scheme execution.","Requires new R&D, IoT sensor network, AI computer vision, or hardware prototyping.",Requires immediate field relief today + long-term university research innovation.
PRB0003,Water Resources & Drinking Water,Broken Handpump & Mechanical Failure,Broken Handpump & Mechanical Failure Intent,Detailed civic issue under Water Resources & Drinking Water: Broken Handpump & Mechanical Failure.,"Routine administrative maintenance, repair, staff posting, or scheme execution.","Requires new R&D, IoT sensor network, AI computer vision, or hardware prototyping.",Requires immediate field relief today + long-term university research innovation.
PRB0004,Water Resources & Drinking Water,Handpump Water Flow Failure,Handpump Water Flow Failure Intent,Detailed civic issue under Water Resources & Drinking Water: Handpump Water Flow Failure.,"Routine administrative maintenance, repair, staff posting, or scheme execution.","Requires new R&D, IoT sensor network, AI computer vision, or hardware prototyping.",Requires immediate field relief today + long-term university research innovation.
PRB0005,Water Resources & Drinking Water,Dried Borewell & Aquifer Failure,Dried Borewell & Aquifer Failure Intent,Detailed civic issue under Water Resources & Drinking Water: Dried Borewell & Aquifer Failure.,"Routine administrative maintenance, repair, staff posting, or scheme execution.","Requires new R&D, IoT sensor network, AI computer vision, or hardware prototyping.",Requires immediate field relief today + long-term university research innovation.
PRB0006,Water Resources & Drinking Water,Piped Tap Water No Supply,Piped Tap Water No Supply Intent,Detailed civic issue under Water Resources & Drinking Water: Piped Tap Water No Supply.,"Routine administrative maintenance, repair, staff posting, or scheme execution.","Requires new R&D, IoT sensor network, AI computer vision, or hardware prototyping.",Requires immediate field relief today + long-term university research innovation.
PRB0007,Water Resources & Drinking Water,Broken Distribution Pipeline Leak,Broken Distribution Pipeline Leak Intent,Detailed civic issue under Water Resources & Drinking Water: Broken Distribution Pipeline Leak.,"Routine administrative maintenance, repair, staff posting, or scheme execution.","Requires new R&D, IoT sensor network, AI computer vision, or hardware prototyping.",Requires immediate field relief today + long-term university research innovation.
PRB0008,Water Resources & Drinking Water,Tap Installed But No Water Flow,Tap Installed But No Water Flow Intent,Detailed civic issue under Water Resources & Drinking Water: Tap Installed But No Water Flow.,"Routine administrative maintenance, repair, staff posting, or scheme execution.","Requires new R&D, IoT sensor network, AI computer vision, or hardware prototyping.",Requires immediate field relief today + long-term university research innovation.
PRB0009,Water Resources & Drinking Water,Irregular Hours Water Supply,Irregular Hours Water Supply Intent,Detailed civic issue under Water Resources & Drinking Water: Irregular Hours Water Supply.,"Routine administrative maintenance, repair, staff posting, or scheme execution.","Requires new R&D, IoT sensor network, AI computer vision, or hardware prototyping.",Requires immediate field relief today + long-term university research innovation.
PRB0010,Water Resources & Drinking Water,Low Water Pressure in Taps,Low Water Pressure in Taps Intent,Detailed civic issue under Water Resources & Drinking Water: Low Water Pressure in Taps.,"Routine administrative maintenance, repair, staff posting, or scheme execution.","Requires new R&D, IoT sensor network, AI computer vision, or hardware prototyping.",Requires immediate field relief today + long-term university research innovation.
PRB0011,Water Resources & Drinking Water,Water Tanker Dependency,Water Tanker Dependency Intent,Detailed civic issue under Water Resources & Drinking Water: Water Tanker Dependency.,"Routine administrative maintenance, repair, staff posting, or scheme execution.","Requires new R&D, IoT sensor network, AI computer vision, or hardware prototyping.",Requires immediate field relief today + long-term university research innovation.
PRB0012,Water Resources & Drinking Water,Long Distance Water Retrieval Burden,Long Distance Water Retrieval Burden Intent,Detailed civic issue under Water Resources & Drinking Water: Long Distance Water Retrieval Burden.,"Routine administrative maintenance, repair, staff posting, or scheme execution.","Requires new R&D, IoT sensor network, AI computer vision, or hardware prototyping.",Requires immediate field relief today + long-term university research innovation.
PRB0013,Water Resources & Drinking Water,School & Anganwadi Drinking Water Missing,School & Anganwadi Drinking Water Missing Intent,Detailed civic issue under Water Resources & Drinking Water: School & Anganwadi Drinking Water Missing.,"Routine administrative maintenance, repair, staff posting, or scheme execution.","Requires new R&D, IoT sensor network, AI computer vision, or hardware prototyping.",Requires immediate field relief today + long-term university research innovation.
PRB0014,Water Resources & Drinking Water,Hospital & PHC Water Crisis,Hospital & PHC Water Crisis Intent,Detailed civic issue under Water Resources & Drinking Water: Hospital & PHC Water Crisis.,"Routine administrative maintenance, repair, staff posting, or scheme execution.","Requires new R&D, IoT sensor network, AI computer vision, or hardware prototyping.",Requires immediate field relief today + long-term university research innovation.
PRB0015,Water Resources & Drinking Water,Fluoride & Iron Heavy Metal Contamination,Fluoride & Iron Heavy Metal Contamination Intent,Detailed civic issue under Water Resources & Drinking Water: Fluoride & Iron Heavy Metal Contamination.,"Routine administrative maintenance, repair, staff posting, or scheme execution.","Requires new R&D, IoT sensor network, AI computer vision, or hardware prototyping.",Requires immediate field relief today + long-term university research innovation.
PRB0016,Water Resources & Drinking Water,"Foul Smell, Color & Bacterial Contamination","Foul Smell, Color & Bacterial Contamination Intent","Detailed civic issue under Water Resources & Drinking Water: Foul Smell, Color & Bacterial Contamination.","Routine administrative maintenance, repair, staff posting, or scheme execution.","Requires new R&D, IoT sensor network, AI computer vision, or hardware prototyping.",Requires immediate field relief today + long-term university research innovation.
PRB0017,Water Resources & Drinking Water,Water Quality Testing & Maintenance Failure,Water Quality Testing & Maintenance Failure Intent,Detailed civic issue under Water Resources & Drinking Water: Water Quality Testing & Maintenance Failure.,"Routine administrative maintenance, repair, staff posting, or scheme execution.","Requires new R&D, IoT sensor network, AI computer vision, or hardware prototyping.",Requires immediate field relief today + long-term university research innovation.
PRB0018,Water Resources & Drinking Water,Water Treatment Plant Failure,Water Treatment Plant Failure Intent,Detailed civic issue under Water Resources & Drinking Water: Water Treatment Plant Failure.,"Routine administrative maintenance, repair, staff posting, or scheme execution.","Requires new R&D, IoT sensor network, AI computer vision, or hardware prototyping.",Requires immediate field relief today + long-term university research innovation.
PRB0019,Water Resources & Drinking Water,Water Source Recharge Deficit,Water Source Recharge Deficit Intent,Detailed civic issue under Water Resources & Drinking Water: Water Source Recharge Deficit.,"Routine administrative maintenance, repair, staff posting, or scheme execution.","Requires new R&D, IoT sensor network, AI computer vision, or hardware prototyping.",Requires immediate field relief today + long-term university research innovation.
PRB0020,Irrigation & Farm Water,Unirrigated Farmland & Monsoon Dependency,Unirrigated Farmland & Monsoon Dependency Intent,Detailed civic issue under Irrigation & Farm Water: Unirrigated Farmland & Monsoon Dependency.,"Routine administrative maintenance, repair, staff posting, or scheme execution.","Requires new R&D, IoT sensor network, AI computer vision, or hardware prototyping.",Requires immediate field relief today + long-term university research innovation.
PRB0021,Irrigation & Farm Water,Missing Canal Network,Missing Canal Network Intent,Detailed civic issue under Irrigation & Farm Water: Missing Canal Network.,"Routine administrative maintenance, repair, staff posting, or scheme execution.","Requires new R&D, IoT sensor network, AI computer vision, or hardware prototyping.",Requires immediate field relief today + long-term university research innovation.
PRB0022,Irrigation & Farm Water,Canal Water Flow Interruption & Damage,Canal Water Flow Interruption & Damage Intent,Detailed civic issue under Irrigation & Farm Water: Canal Water Flow Interruption & Damage.,"Routine administrative maintenance, repair, staff posting, or scheme execution.","Requires new R&D, IoT sensor network, AI computer vision, or hardware prototyping.",Requires immediate field relief today + long-term university research innovation.
PRB0023,Irrigation & Farm Water,Broken Check Dam & Siltation,Broken Check Dam & Siltation Intent,Detailed civic issue under Irrigation & Farm Water: Broken Check Dam & Siltation.,"Routine administrative maintenance, repair, staff posting, or scheme execution.","Requires new R&D, IoT sensor network, AI computer vision, or hardware prototyping.",Requires immediate field relief today + long-term university research innovation.
PRB0024,Irrigation & Farm Water,Dried Farm Ponds & Tank Scarcity,Dried Farm Ponds & Tank Scarcity Intent,Detailed civic issue under Irrigation & Farm Water: Dried Farm Ponds & Tank Scarcity.,"Routine administrative maintenance, repair, staff posting, or scheme execution.","Requires new R&D, IoT sensor network, AI computer vision, or hardware prototyping.",Requires immediate field relief today + long-term university research innovation.
PRB0025,Irrigation & Farm Water,Rainwater Harvesting Deficit,Rainwater Harvesting Deficit Intent,Detailed civic issue under Irrigation & Farm Water: Rainwater Harvesting Deficit.,"Routine administrative maintenance, repair, staff posting, or scheme execution.","Requires new R&D, IoT sensor network, AI computer vision, or hardware prototyping.",Requires immediate field relief today + long-term university research innovation.
PRB0026,Irrigation & Farm Water,Expensive Irrigation Equipment & Pumps,Expensive Irrigation Equipment & Pumps Intent,Detailed civic issue under Irrigation & Farm Water: Expensive Irrigation Equipment & Pumps.,"Routine administrative maintenance, repair, staff posting, or scheme execution.","Requires new R&D, IoT sensor network, AI computer vision, or hardware prototyping.",Requires immediate field relief today + long-term university research innovation.
PRB0027,Irrigation & Farm Water,Borewell Unaffordability for Small Farmers,Borewell Unaffordability for Small Farmers Intent,Detailed civic issue under Irrigation & Farm Water: Borewell Unaffordability for Small Farmers.,"Routine administrative maintenance, repair, staff posting, or scheme execution.","Requires new R&D, IoT sensor network, AI computer vision, or hardware prototyping.",Requires immediate field relief today + long-term university research innovation.
PRB0028,Agriculture & Crop Management,Delayed & Poor Quality Seed Distribution,Delayed & Poor Quality Seed Distribution Intent,Detailed civic issue under Agriculture & Crop Management: Delayed & Poor Quality Seed Distribution.,"Routine administrative maintenance, repair, staff posting, or scheme execution.","Requires new R&D, IoT sensor network, AI computer vision, or hardware prototyping.",Requires immediate field relief today + long-term university research innovation.
PRB0029,Agriculture & Crop Management,Fertilizer Shortage & Black Marketing,Fertilizer Shortage & Black Marketing Intent,Detailed civic issue under Agriculture & Crop Management: Fertilizer Shortage & Black Marketing.,"Routine administrative maintenance, repair, staff posting, or scheme execution.","Requires new R&D, IoT sensor network, AI computer vision, or hardware prototyping.",Requires immediate field relief today + long-term university research innovation.
PRB0030,Agriculture & Crop Management,High Pesticide Cost & Misinformation,High Pesticide Cost & Misinformation Intent,Detailed civic issue under Agriculture & Crop Management: High Pesticide Cost & Misinformation.,"Routine administrative maintenance, repair, staff posting, or scheme execution.","Requires new R&D, IoT sensor network, AI computer vision, or hardware prototyping.",Requires immediate field relief today + long-term university research innovation.
PRB0031,Agriculture & Crop Management,Lack of Soil Testing & Low Fertility,Lack of Soil Testing & Low Fertility Intent,Detailed civic issue under Agriculture & Crop Management: Lack of Soil Testing & Low Fertility.,"Routine administrative maintenance, repair, staff posting, or scheme execution.","Requires new R&D, IoT sensor network, AI computer vision, or hardware prototyping.",Requires immediate field relief today + long-term university research innovation.
PRB0032,Agriculture & Crop Management,Soil Erosion & Mining Runoff Damage,Soil Erosion & Mining Runoff Damage Intent,Detailed civic issue under Agriculture & Crop Management: Soil Erosion & Mining Runoff Damage.,"Routine administrative maintenance, repair, staff posting, or scheme execution.","Requires new R&D, IoT sensor network, AI computer vision, or hardware prototyping.",Requires immediate field relief today + long-term university research innovation.
PRB0033,Agriculture & Crop Management,Fragmented Small Landholdings,Fragmented Small Landholdings Intent,Detailed civic issue under Agriculture & Crop Management: Fragmented Small Landholdings.,"Routine administrative maintenance, repair, staff posting, or scheme execution.","Requires new R&D, IoT sensor network, AI computer vision, or hardware prototyping.",Requires immediate field relief today + long-term university research innovation.
PRB0034,Agriculture & Crop Management,Single-Crop Dependency & Drought Loss,Single-Crop Dependency & Drought Loss Intent,Detailed civic issue under Agriculture & Crop Management: Single-Crop Dependency & Drought Loss.,"Routine administrative maintenance, repair, staff posting, or scheme execution.","Requires new R&D, IoT sensor network, AI computer vision, or hardware prototyping.",Requires immediate field relief today + long-term university research innovation.
PRB0035,Agriculture & Crop Management,Pest Attacks & Crop Disease Outbreak,Pest Attacks & Crop Disease Outbreak Intent,Detailed civic issue under Agriculture & Crop Management: Pest Attacks & Crop Disease Outbreak.,"Routine administrative maintenance, repair, staff posting, or scheme execution.","Requires new R&D, IoT sensor network, AI computer vision, or hardware prototyping.",Requires immediate field relief today + long-term university research innovation.
PRB0036,Agriculture & Crop Management,Livestock Disease & Veterinary Doctor Shortage,Livestock Disease & Veterinary Doctor Shortage Intent,Detailed civic issue under Agriculture & Crop Management: Livestock Disease & Veterinary Doctor Shortage.,"Routine administrative maintenance, repair, staff posting, or scheme execution.","Requires new R&D, IoT sensor network, AI computer vision, or hardware prototyping.",Requires immediate field relief today + long-term university research innovation.
PRB0037,Agriculture & Crop Management,Cattle Feed Cost & Dairy Infrastructure Deficit,Cattle Feed Cost & Dairy Infrastructure Deficit Intent,Detailed civic issue under Agriculture & Crop Management: Cattle Feed Cost & Dairy Infrastructure Deficit.,"Routine administrative maintenance, repair, staff posting, or scheme execution.","Requires new R&D, IoT sensor network, AI computer vision, or hardware prototyping.",Requires immediate field relief today + long-term university research innovation.
PRB0038,Agriculture & Crop Management,Poultry & Goat Farming Support Missing,Poultry & Goat Farming Support Missing Intent,Detailed civic issue under Agriculture & Crop Management: Poultry & Goat Farming Support Missing.,"Routine administrative maintenance, repair, staff posting, or scheme execution.","Requires new R&D, IoT sensor network, AI computer vision, or hardware prototyping.",Requires immediate field relief today + long-term university research innovation.
PRB0039,Agriculture & Crop Management,Lack of Cold Storage & Warehouses,Lack of Cold Storage & Warehouses Intent,Detailed civic issue under Agriculture & Crop Management: Lack of Cold Storage & Warehouses.,"Routine administrative maintenance, repair, staff posting, or scheme execution.","Requires new R&D, IoT sensor network, AI computer vision, or hardware prototyping.",Requires immediate field relief today + long-term university research innovation.
PRB0040,Agriculture & Crop Management,Middlemen Exploitation & Lack of Mandi Access,Middlemen Exploitation & Lack of Mandi Access Intent,Detailed civic issue under Agriculture & Crop Management: Middlemen Exploitation & Lack of Mandi Access.,"Routine administrative maintenance, repair, staff posting, or scheme execution.","Requires new R&D, IoT sensor network, AI computer vision, or hardware prototyping.",Requires immediate field relief today + long-term university research innovation.
PRB0041,Agriculture & Crop Management,High Agricultural Transportation Cost,High Agricultural Transportation Cost Intent,Detailed civic issue under Agriculture & Crop Management: High Agricultural Transportation Cost.,"Routine administrative maintenance, repair, staff posting, or scheme execution.","Requires new R&D, IoT sensor network, AI computer vision, or hardware prototyping.",Requires immediate field relief today + long-term university research innovation.
PRB0042,Agriculture & Crop Management,Lack of Farm Machinery Rental Centers,Lack of Farm Machinery Rental Centers Intent,Detailed civic issue under Agriculture & Crop Management: Lack of Farm Machinery Rental Centers.,"Routine administrative maintenance, repair, staff posting, or scheme execution.","Requires new R&D, IoT sensor network, AI computer vision, or hardware prototyping.",Requires immediate field relief today + long-term university research innovation.
PRB0043,Agriculture & Crop Management,Delayed Crop Insurance Claims & KCC Credit Issues,Delayed Crop Insurance Claims & KCC Credit Issues Intent,Detailed civic issue under Agriculture & Crop Management: Delayed Crop Insurance Claims & KCC Credit Issues.,"Routine administrative maintenance, repair, staff posting, or scheme execution.","Requires new R&D, IoT sensor network, AI computer vision, or hardware prototyping.",Requires immediate field relief today + long-term university research innovation.
PRB0044,Agriculture & Crop Management,Lack of Local Processing & Value Addition,Lack of Local Processing & Value Addition Intent,Detailed civic issue under Agriculture & Crop Management: Lack of Local Processing & Value Addition.,"Routine administrative maintenance, repair, staff posting, or scheme execution.","Requires new R&D, IoT sensor network, AI computer vision, or hardware prototyping.",Requires immediate field relief today + long-term university research innovation.
PRB0045,School Education,Teacher Shortage & Subject Teacher Absence,Teacher Shortage & Subject Teacher Absence Intent,Detailed civic issue under School Education: Teacher Shortage & Subject Teacher Absence.,"Routine administrative maintenance, repair, staff posting, or scheme execution.","Requires new R&D, IoT sensor network, AI computer vision, or hardware prototyping.",Requires immediate field relief today + long-term university research innovation.
PRB0046,School Education,Dilapidated School Building & Classroom Shortage,Dilapidated School Building & Classroom Shortage Intent,Detailed civic issue under School Education: Dilapidated School Building & Classroom Shortage.,"Routine administrative maintenance, repair, staff posting, or scheme execution.","Requires new R&D, IoT sensor network, AI computer vision, or hardware prototyping.",Requires immediate field relief today + long-term university research innovation.
PRB0047,School Education,Distance & Road Access Barrier to School,Distance & Road Access Barrier to School Intent,Detailed civic issue under School Education: Distance & Road Access Barrier to School.,"Routine administrative maintenance, repair, staff posting, or scheme execution.","Requires new R&D, IoT sensor network, AI computer vision, or hardware prototyping.",Requires immediate field relief today + long-term university research innovation.
PRB0048,School Education,Student Dropout & Low Learning Outcomes,Student Dropout & Low Learning Outcomes Intent,Detailed civic issue under School Education: Student Dropout & Low Learning Outcomes.,"Routine administrative maintenance, repair, staff posting, or scheme execution.","Requires new R&D, IoT sensor network, AI computer vision, or hardware prototyping.",Requires immediate field relief today + long-term university research innovation.
PRB0049,School Education,"Lack of Digital Education, Internet & Computers","Lack of Digital Education, Internet & Computers Intent","Detailed civic issue under School Education: Lack of Digital Education, Internet & Computers.","Routine administrative maintenance, repair, staff posting, or scheme execution.","Requires new R&D, IoT sensor network, AI computer vision, or hardware prototyping.",Requires immediate field relief today + long-term university research innovation.
PRB0050,School Education,Broken Smart Classrooms & Unpowered ICT Labs,Broken Smart Classrooms & Unpowered ICT Labs Intent,Detailed civic issue under School Education: Broken Smart Classrooms & Unpowered ICT Labs.,"Routine administrative maintenance, repair, staff posting, or scheme execution.","Requires new R&D, IoT sensor network, AI computer vision, or hardware prototyping.",Requires immediate field relief today + long-term university research innovation.
PRB0051,School Education,Missing School Libraries & Sports Grounds,Missing School Libraries & Sports Grounds Intent,Detailed civic issue under School Education: Missing School Libraries & Sports Grounds.,"Routine administrative maintenance, repair, staff posting, or scheme execution.","Requires new R&D, IoT sensor network, AI computer vision, or hardware prototyping.",Requires immediate field relief today + long-term university research innovation.
PRB0052,School Education,Lack of Drinking Water & Functional Toilets,Lack of Drinking Water & Functional Toilets Intent,Detailed civic issue under School Education: Lack of Drinking Water & Functional Toilets.,"Routine administrative maintenance, repair, staff posting, or scheme execution.","Requires new R&D, IoT sensor network, AI computer vision, or hardware prototyping.",Requires immediate field relief today + long-term university research innovation.
PRB0053,School Education,Girls Toilet Absence & Lack of Sanitary Hygiene,Girls Toilet Absence & Lack of Sanitary Hygiene Intent,Detailed civic issue under School Education: Girls Toilet Absence & Lack of Sanitary Hygiene.,"Routine administrative maintenance, repair, staff posting, or scheme execution.","Requires new R&D, IoT sensor network, AI computer vision, or hardware prototyping.",Requires immediate field relief today + long-term university research innovation.
PRB0054,School Education,Inadequate Teacher Training & Tribal Language Material,Inadequate Teacher Training & Tribal Language Material Intent,Detailed civic issue under School Education: Inadequate Teacher Training & Tribal Language Material.,"Routine administrative maintenance, repair, staff posting, or scheme execution.","Requires new R&D, IoT sensor network, AI computer vision, or hardware prototyping.",Requires immediate field relief today + long-term university research innovation.
PRB0055,School Education,PwD Accessibility Barriers in Schools,PwD Accessibility Barriers in Schools Intent,Detailed civic issue under School Education: PwD Accessibility Barriers in Schools.,"Routine administrative maintenance, repair, staff posting, or scheme execution.","Requires new R&D, IoT sensor network, AI computer vision, or hardware prototyping.",Requires immediate field relief today + long-term university research innovation.
PRB0056,Higher & Technical Education,Distant Degree Colleges & Faculty Shortage,Distant Degree Colleges & Faculty Shortage Intent,Detailed civic issue under Higher & Technical Education: Distant Degree Colleges & Faculty Shortage.,"Routine administrative maintenance, repair, staff posting, or scheme execution.","Requires new R&D, IoT sensor network, AI computer vision, or hardware prototyping.",Requires immediate field relief today + long-term university research innovation.
PRB0057,Higher & Technical Education,Lack of Technical & Vocational Trade Courses,Lack of Technical & Vocational Trade Courses Intent,Detailed civic issue under Higher & Technical Education: Lack of Technical & Vocational Trade Courses.,"Routine administrative maintenance, repair, staff posting, or scheme execution.","Requires new R&D, IoT sensor network, AI computer vision, or hardware prototyping.",Requires immediate field relief today + long-term university research innovation.
PRB0058,Higher & Technical Education,Inadequate Science Laboratories & Equipment,Inadequate Science Laboratories & Equipment Intent,Detailed civic issue under Higher & Technical Education: Inadequate Science Laboratories & Equipment.,"Routine administrative maintenance, repair, staff posting, or scheme execution.","Requires new R&D, IoT sensor network, AI computer vision, or hardware prototyping.",Requires immediate field relief today + long-term university research innovation.
PRB0059,Higher & Technical Education,Hostel & Girls Hostel Shortage,Hostel & Girls Hostel Shortage Intent,Detailed civic issue under Higher & Technical Education: Hostel & Girls Hostel Shortage.,"Routine administrative maintenance, repair, staff posting, or scheme execution.","Requires new R&D, IoT sensor network, AI computer vision, or hardware prototyping.",Requires immediate field relief today + long-term university research innovation.
PRB0060,Higher & Technical Education,Post-Matric Scholarship Delivery Delays,Post-Matric Scholarship Delivery Delays Intent,Detailed civic issue under Higher & Technical Education: Post-Matric Scholarship Delivery Delays.,"Routine administrative maintenance, repair, staff posting, or scheme execution.","Requires new R&D, IoT sensor network, AI computer vision, or hardware prototyping.",Requires immediate field relief today + long-term university research innovation.
PRB0061,Higher & Technical Education,Weak Industry-Academia Placement Connections,Weak Industry-Academia Placement Connections Intent,Detailed civic issue under Higher & Technical Education: Weak Industry-Academia Placement Connections.,"Routine administrative maintenance, repair, staff posting, or scheme execution.","Requires new R&D, IoT sensor network, AI computer vision, or hardware prototyping.",Requires immediate field relief today + long-term university research innovation.
PRB0062,Healthcare Services,Missing Village Health Sub-Centers & Far PHCs,Missing Village Health Sub-Centers & Far PHCs Intent,Detailed civic issue under Healthcare Services: Missing Village Health Sub-Centers & Far PHCs.,"Routine administrative maintenance, repair, staff posting, or scheme execution.","Requires new R&D, IoT sensor network, AI computer vision, or hardware prototyping.",Requires immediate field relief today + long-term university research innovation.
PRB0063,Healthcare Services,Doctor & Specialist Medical Staff Shortage,Doctor & Specialist Medical Staff Shortage Intent,Detailed civic issue under Healthcare Services: Doctor & Specialist Medical Staff Shortage.,"Routine administrative maintenance, repair, staff posting, or scheme execution.","Requires new R&D, IoT sensor network, AI computer vision, or hardware prototyping.",Requires immediate field relief today + long-term university research innovation.
PRB0064,Healthcare Services,Nurse & Paramedical Staff Deficit,Nurse & Paramedical Staff Deficit Intent,Detailed civic issue under Healthcare Services: Nurse & Paramedical Staff Deficit.,"Routine administrative maintenance, repair, staff posting, or scheme execution.","Requires new R&D, IoT sensor network, AI computer vision, or hardware prototyping.",Requires immediate field relief today + long-term university research innovation.
PRB0065,Healthcare Services,Ambulance Unavailability & Slow Emergency Response,Ambulance Unavailability & Slow Emergency Response Intent,Detailed civic issue under Healthcare Services: Ambulance Unavailability & Slow Emergency Response.,"Routine administrative maintenance, repair, staff posting, or scheme execution.","Requires new R&D, IoT sensor network, AI computer vision, or hardware prototyping.",Requires immediate field relief today + long-term university research innovation.
PRB0066,Healthcare Services,Essential Medicines & Diagnostics Stockout,Essential Medicines & Diagnostics Stockout Intent,Detailed civic issue under Healthcare Services: Essential Medicines & Diagnostics Stockout.,"Routine administrative maintenance, repair, staff posting, or scheme execution.","Requires new R&D, IoT sensor network, AI computer vision, or hardware prototyping.",Requires immediate field relief today + long-term university research innovation.
PRB0067,Healthcare Services,Blood Bank & Emergency Surgery Deficit,Blood Bank & Emergency Surgery Deficit Intent,Detailed civic issue under Healthcare Services: Blood Bank & Emergency Surgery Deficit.,"Routine administrative maintenance, repair, staff posting, or scheme execution.","Requires new R&D, IoT sensor network, AI computer vision, or hardware prototyping.",Requires immediate field relief today + long-term university research innovation.
PRB0068,Healthcare Services,Maternal & Child Healthcare Access Barriers,Maternal & Child Healthcare Access Barriers Intent,Detailed civic issue under Healthcare Services: Maternal & Child Healthcare Access Barriers.,"Routine administrative maintenance, repair, staff posting, or scheme execution.","Requires new R&D, IoT sensor network, AI computer vision, or hardware prototyping.",Requires immediate field relief today + long-term university research innovation.
PRB0069,Healthcare Services,"High Anemia, Malnutrition & Infant Mortality","High Anemia, Malnutrition & Infant Mortality Intent","Detailed civic issue under Healthcare Services: High Anemia, Malnutrition & Infant Mortality.","Routine administrative maintenance, repair, staff posting, or scheme execution.","Requires new R&D, IoT sensor network, AI computer vision, or hardware prototyping.",Requires immediate field relief today + long-term university research innovation.
PRB0070,Healthcare Services,"TB, Malaria & Seasonal Vector Disease Access","TB, Malaria & Seasonal Vector Disease Access Intent","Detailed civic issue under Healthcare Services: TB, Malaria & Seasonal Vector Disease Access.","Routine administrative maintenance, repair, staff posting, or scheme execution.","Requires new R&D, IoT sensor network, AI computer vision, or hardware prototyping.",Requires immediate field relief today + long-term university research innovation.
PRB0071,Healthcare Services,Tribal Remote Healthcare Accessibility Gaps,Tribal Remote Healthcare Accessibility Gaps Intent,Detailed civic issue under Healthcare Services: Tribal Remote Healthcare Accessibility Gaps.,"Routine administrative maintenance, repair, staff posting, or scheme execution.","Requires new R&D, IoT sensor network, AI computer vision, or hardware prototyping.",Requires immediate field relief today + long-term university research innovation.
PRB0072,Healthcare Services,Lack of Telemedicine & Digitized Health Records,Lack of Telemedicine & Digitized Health Records Intent,Detailed civic issue under Healthcare Services: Lack of Telemedicine & Digitized Health Records.,"Routine administrative maintenance, repair, staff posting, or scheme execution.","Requires new R&D, IoT sensor network, AI computer vision, or hardware prototyping.",Requires immediate field relief today + long-term university research innovation.
PRB0073,Nutrition & Anganwadi,"Child Malnutrition, Stunting & Wasting","Child Malnutrition, Stunting & Wasting Intent","Detailed civic issue under Nutrition & Anganwadi: Child Malnutrition, Stunting & Wasting.","Routine administrative maintenance, repair, staff posting, or scheme execution.","Requires new R&D, IoT sensor network, AI computer vision, or hardware prototyping.",Requires immediate field relief today + long-term university research innovation.
PRB0074,Nutrition & Anganwadi,Maternal & Adolescent Female Anemia,Maternal & Adolescent Female Anemia Intent,Detailed civic issue under Nutrition & Anganwadi: Maternal & Adolescent Female Anemia.,"Routine administrative maintenance, repair, staff posting, or scheme execution.","Requires new R&D, IoT sensor network, AI computer vision, or hardware prototyping.",Requires immediate field relief today + long-term university research innovation.
PRB0075,Nutrition & Anganwadi,Substandard Mid-Day Meal Quality & Hygiene,Substandard Mid-Day Meal Quality & Hygiene Intent,Detailed civic issue under Nutrition & Anganwadi: Substandard Mid-Day Meal Quality & Hygiene.,"Routine administrative maintenance, repair, staff posting, or scheme execution.","Requires new R&D, IoT sensor network, AI computer vision, or hardware prototyping.",Requires immediate field relief today + long-term university research innovation.
PRB0076,Nutrition & Anganwadi,Anganwadi Ration Supply Interruptions,Anganwadi Ration Supply Interruptions Intent,Detailed civic issue under Nutrition & Anganwadi: Anganwadi Ration Supply Interruptions.,"Routine administrative maintenance, repair, staff posting, or scheme execution.","Requires new R&D, IoT sensor network, AI computer vision, or hardware prototyping.",Requires immediate field relief today + long-term university research innovation.
PRB0077,Nutrition & Anganwadi,Remote Area Supplementary Nutrition Delivery Failure,Remote Area Supplementary Nutrition Delivery Failure Intent,Detailed civic issue under Nutrition & Anganwadi: Remote Area Supplementary Nutrition Delivery Failure.,"Routine administrative maintenance, repair, staff posting, or scheme execution.","Requires new R&D, IoT sensor network, AI computer vision, or hardware prototyping.",Requires immediate field relief today + long-term university research innovation.
PRB0078,"Roads, Transport & Mobility",Missing Village Roads & Mud Road Inaccessibility,Missing Village Roads & Mud Road Inaccessibility Intent,"Detailed civic issue under Roads, Transport & Mobility: Missing Village Roads & Mud Road Inaccessibility.","Routine administrative maintenance, repair, staff posting, or scheme execution.","Requires new R&D, IoT sensor network, AI computer vision, or hardware prototyping.",Requires immediate field relief today + long-term university research innovation.
PRB0079,"Roads, Transport & Mobility",Dangerous Road Potholes & Asphalt Damage,Dangerous Road Potholes & Asphalt Damage Intent,"Detailed civic issue under Roads, Transport & Mobility: Dangerous Road Potholes & Asphalt Damage.","Routine administrative maintenance, repair, staff posting, or scheme execution.","Requires new R&D, IoT sensor network, AI computer vision, or hardware prototyping.",Requires immediate field relief today + long-term university research innovation.
PRB0080,"Roads, Transport & Mobility",Monsoon Road Blockage & Mud Submergence,Monsoon Road Blockage & Mud Submergence Intent,"Detailed civic issue under Roads, Transport & Mobility: Monsoon Road Blockage & Mud Submergence.","Routine administrative maintenance, repair, staff posting, or scheme execution.","Requires new R&D, IoT sensor network, AI computer vision, or hardware prototyping.",Requires immediate field relief today + long-term university research innovation.
PRB0081,"Roads, Transport & Mobility","Damaged Bridges, Culverts & River Disconnection","Damaged Bridges, Culverts & River Disconnection Intent","Detailed civic issue under Roads, Transport & Mobility: Damaged Bridges, Culverts & River Disconnection.","Routine administrative maintenance, repair, staff posting, or scheme execution.","Requires new R&D, IoT sensor network, AI computer vision, or hardware prototyping.",Requires immediate field relief today + long-term university research innovation.
PRB0082,"Roads, Transport & Mobility",Lack of Public Bus Transport & Low Frequency,Lack of Public Bus Transport & Low Frequency Intent,"Detailed civic issue under Roads, Transport & Mobility: Lack of Public Bus Transport & Low Frequency.","Routine administrative maintenance, repair, staff posting, or scheme execution.","Requires new R&D, IoT sensor network, AI computer vision, or hardware prototyping.",Requires immediate field relief today + long-term university research innovation.
PRB0083,"Roads, Transport & Mobility",Expensive Agricultural Produce Transport,Expensive Agricultural Produce Transport Intent,"Detailed civic issue under Roads, Transport & Mobility: Expensive Agricultural Produce Transport.","Routine administrative maintenance, repair, staff posting, or scheme execution.","Requires new R&D, IoT sensor network, AI computer vision, or hardware prototyping.",Requires immediate field relief today + long-term university research innovation.
PRB0084,"Roads, Transport & Mobility",Missing Street Lighting & Night Safety Risks,Missing Street Lighting & Night Safety Risks Intent,"Detailed civic issue under Roads, Transport & Mobility: Missing Street Lighting & Night Safety Risks.","Routine administrative maintenance, repair, staff posting, or scheme execution.","Requires new R&D, IoT sensor network, AI computer vision, or hardware prototyping.",Requires immediate field relief today + long-term university research innovation.
PRB0085,"Roads, Transport & Mobility",Choked Urban Traffic & Poor Signal Control,Choked Urban Traffic & Poor Signal Control Intent,"Detailed civic issue under Roads, Transport & Mobility: Choked Urban Traffic & Poor Signal Control.","Routine administrative maintenance, repair, staff posting, or scheme execution.","Requires new R&D, IoT sensor network, AI computer vision, or hardware prototyping.",Requires immediate field relief today + long-term university research innovation.
PRB0086,Electricity & Power Supply,Un-electrified Rural Habitations,Un-electrified Rural Habitations Intent,Detailed civic issue under Electricity & Power Supply: Un-electrified Rural Habitations.,"Routine administrative maintenance, repair, staff posting, or scheme execution.","Requires new R&D, IoT sensor network, AI computer vision, or hardware prototyping.",Requires immediate field relief today + long-term university research innovation.
PRB0087,Electricity & Power Supply,Frequent Power Outages & Prolonged Blackouts,Frequent Power Outages & Prolonged Blackouts Intent,Detailed civic issue under Electricity & Power Supply: Frequent Power Outages & Prolonged Blackouts.,"Routine administrative maintenance, repair, staff posting, or scheme execution.","Requires new R&D, IoT sensor network, AI computer vision, or hardware prototyping.",Requires immediate field relief today + long-term university research innovation.
PRB0088,Electricity & Power Supply,Low Voltage & Single Phase Line Drop,Low Voltage & Single Phase Line Drop Intent,Detailed civic issue under Electricity & Power Supply: Low Voltage & Single Phase Line Drop.,"Routine administrative maintenance, repair, staff posting, or scheme execution.","Requires new R&D, IoT sensor network, AI computer vision, or hardware prototyping.",Requires immediate field relief today + long-term university research innovation.
PRB0089,Electricity & Power Supply,Burnt Distribution Transformer & Overload,Burnt Distribution Transformer & Overload Intent,Detailed civic issue under Electricity & Power Supply: Burnt Distribution Transformer & Overload.,"Routine administrative maintenance, repair, staff posting, or scheme execution.","Requires new R&D, IoT sensor network, AI computer vision, or hardware prototyping.",Requires immediate field relief today + long-term university research innovation.
PRB0090,Electricity & Power Supply,Dangling High-Tension Wires & Bent Poles,Dangling High-Tension Wires & Bent Poles Intent,Detailed civic issue under Electricity & Power Supply: Dangling High-Tension Wires & Bent Poles.,"Routine administrative maintenance, repair, staff posting, or scheme execution.","Requires new R&D, IoT sensor network, AI computer vision, or hardware prototyping.",Requires immediate field relief today + long-term university research innovation.
PRB0091,Electricity & Power Supply,Incorrect Billing & Meter Reading Errors,Incorrect Billing & Meter Reading Errors Intent,Detailed civic issue under Electricity & Power Supply: Incorrect Billing & Meter Reading Errors.,"Routine administrative maintenance, repair, staff posting, or scheme execution.","Requires new R&D, IoT sensor network, AI computer vision, or hardware prototyping.",Requires immediate field relief today + long-term university research innovation.
PRB0092,Electricity & Power Supply,Agricultural Pump Electricity Interruption,Agricultural Pump Electricity Interruption Intent,Detailed civic issue under Electricity & Power Supply: Agricultural Pump Electricity Interruption.,"Routine administrative maintenance, repair, staff posting, or scheme execution.","Requires new R&D, IoT sensor network, AI computer vision, or hardware prototyping.",Requires immediate field relief today + long-term university research innovation.
PRB0093,Electricity & Power Supply,Defective Solar Microgrids & Streetlight Batteries,Defective Solar Microgrids & Streetlight Batteries Intent,Detailed civic issue under Electricity & Power Supply: Defective Solar Microgrids & Streetlight Batteries.,"Routine administrative maintenance, repair, staff posting, or scheme execution.","Requires new R&D, IoT sensor network, AI computer vision, or hardware prototyping.",Requires immediate field relief today + long-term university research innovation.
PRB0094,Internet & Digital Connectivity,Missing Mobile Towers & Dead Network Zones,Missing Mobile Towers & Dead Network Zones Intent,Detailed civic issue under Internet & Digital Connectivity: Missing Mobile Towers & Dead Network Zones.,"Routine administrative maintenance, repair, staff posting, or scheme execution.","Requires new R&D, IoT sensor network, AI computer vision, or hardware prototyping.",Requires immediate field relief today + long-term university research innovation.
PRB0095,Internet & Digital Connectivity,4G/5G Broadband Unavailability in Tribal Belts,4G/5G Broadband Unavailability in Tribal Belts Intent,Detailed civic issue under Internet & Digital Connectivity: 4G/5G Broadband Unavailability in Tribal Belts.,"Routine administrative maintenance, repair, staff posting, or scheme execution.","Requires new R&D, IoT sensor network, AI computer vision, or hardware prototyping.",Requires immediate field relief today + long-term university research innovation.
PRB0096,Internet & Digital Connectivity,Government Online Portal Failures & Slow Servers,Government Online Portal Failures & Slow Servers Intent,Detailed civic issue under Internet & Digital Connectivity: Government Online Portal Failures & Slow Servers.,"Routine administrative maintenance, repair, staff posting, or scheme execution.","Requires new R&D, IoT sensor network, AI computer vision, or hardware prototyping.",Requires immediate field relief today + long-term university research innovation.
PRB0097,Internet & Digital Connectivity,Low Digital Literacy & Computer Access Deficit,Low Digital Literacy & Computer Access Deficit Intent,Detailed civic issue under Internet & Digital Connectivity: Low Digital Literacy & Computer Access Deficit.,"Routine administrative maintenance, repair, staff posting, or scheme execution.","Requires new R&D, IoT sensor network, AI computer vision, or hardware prototyping.",Requires immediate field relief today + long-term university research innovation.
PRB0098,Internet & Digital Connectivity,CSC Center Mismanagement & Excessive Charges,CSC Center Mismanagement & Excessive Charges Intent,Detailed civic issue under Internet & Digital Connectivity: CSC Center Mismanagement & Excessive Charges.,"Routine administrative maintenance, repair, staff posting, or scheme execution.","Requires new R&D, IoT sensor network, AI computer vision, or hardware prototyping.",Requires immediate field relief today + long-term university research innovation.
PRB0099,Internet & Digital Connectivity,Biometric Authentication & OTP Delivery Failures,Biometric Authentication & OTP Delivery Failures Intent,Detailed civic issue under Internet & Digital Connectivity: Biometric Authentication & OTP Delivery Failures.,"Routine administrative maintenance, repair, staff posting, or scheme execution.","Requires new R&D, IoT sensor network, AI computer vision, or hardware prototyping.",Requires immediate field relief today + long-term university research innovation.
PRB0100,Employment & Livelihood,High Rural Youth Unemployment & Underemployment,High Rural Youth Unemployment & Underemployment Intent,Detailed civic issue under Employment & Livelihood: High Rural Youth Unemployment & Underemployment.,"Routine administrative maintenance, repair, staff posting, or scheme execution.","Requires new R&D, IoT sensor network, AI computer vision, or hardware prototyping.",Requires immediate field relief today + long-term university research innovation.
PRB0101,Employment & Livelihood,Seasonal Farm Distress & Lack of Local Jobs,Seasonal Farm Distress & Lack of Local Jobs Intent,Detailed civic issue under Employment & Livelihood: Seasonal Farm Distress & Lack of Local Jobs.,"Routine administrative maintenance, repair, staff posting, or scheme execution.","Requires new R&D, IoT sensor network, AI computer vision, or hardware prototyping.",Requires immediate field relief today + long-term university research innovation.
PRB0102,Employment & Livelihood,Exploitative Out-Migration of Local Labor,Exploitative Out-Migration of Local Labor Intent,Detailed civic issue under Employment & Livelihood: Exploitative Out-Migration of Local Labor.,"Routine administrative maintenance, repair, staff posting, or scheme execution.","Requires new R&D, IoT sensor network, AI computer vision, or hardware prototyping.",Requires immediate field relief today + long-term university research innovation.
PRB0103,Employment & Livelihood,Lack of Local Industrial & Manufacturing Units,Lack of Local Industrial & Manufacturing Units Intent,Detailed civic issue under Employment & Livelihood: Lack of Local Industrial & Manufacturing Units.,"Routine administrative maintenance, repair, staff posting, or scheme execution.","Requires new R&D, IoT sensor network, AI computer vision, or hardware prototyping.",Requires immediate field relief today + long-term university research innovation.
PRB0104,Employment & Livelihood,Skill Training & Market Demand Mismatch,Skill Training & Market Demand Mismatch Intent,Detailed civic issue under Employment & Livelihood: Skill Training & Market Demand Mismatch.,"Routine administrative maintenance, repair, staff posting, or scheme execution.","Requires new R&D, IoT sensor network, AI computer vision, or hardware prototyping.",Requires immediate field relief today + long-term university research innovation.
PRB0105,Employment & Livelihood,Lack of Entrepreneurship & MSME Credit Access,Lack of Entrepreneurship & MSME Credit Access Intent,Detailed civic issue under Employment & Livelihood: Lack of Entrepreneurship & MSME Credit Access.,"Routine administrative maintenance, repair, staff posting, or scheme execution.","Requires new R&D, IoT sensor network, AI computer vision, or hardware prototyping.",Requires immediate field relief today + long-term university research innovation.
PRB0106,Migration & Migrant Welfare,Distress Migration Due to Drought & Job Scarcity,Distress Migration Due to Drought & Job Scarcity Intent,Detailed civic issue under Migration & Migrant Welfare: Distress Migration Due to Drought & Job Scarcity.,"Routine administrative maintenance, repair, staff posting, or scheme execution.","Requires new R&D, IoT sensor network, AI computer vision, or hardware prototyping.",Requires immediate field relief today + long-term university research innovation.
PRB0107,Migration & Migrant Welfare,Unsafe Accommodation & Delayed Migrant Wages,Unsafe Accommodation & Delayed Migrant Wages Intent,Detailed civic issue under Migration & Migrant Welfare: Unsafe Accommodation & Delayed Migrant Wages.,"Routine administrative maintenance, repair, staff posting, or scheme execution.","Requires new R&D, IoT sensor network, AI computer vision, or hardware prototyping.",Requires immediate field relief today + long-term university research innovation.
PRB0108,Migration & Migrant Welfare,Lack of Social Security Portability for Migrants,Lack of Social Security Portability for Migrants Intent,Detailed civic issue under Migration & Migrant Welfare: Lack of Social Security Portability for Migrants.,"Routine administrative maintenance, repair, staff posting, or scheme execution.","Requires new R&D, IoT sensor network, AI computer vision, or hardware prototyping.",Requires immediate field relief today + long-term university research innovation.
PRB0109,Migration & Migrant Welfare,Disruption of Migrant Children Education & Health,Disruption of Migrant Children Education & Health Intent,Detailed civic issue under Migration & Migrant Welfare: Disruption of Migrant Children Education & Health.,"Routine administrative maintenance, repair, staff posting, or scheme execution.","Requires new R&D, IoT sensor network, AI computer vision, or hardware prototyping.",Requires immediate field relief today + long-term university research innovation.
PRB0110,Tribal & Remote Community Issues,Remote Forest Habitation Connectivity Barriers,Remote Forest Habitation Connectivity Barriers Intent,Detailed civic issue under Tribal & Remote Community Issues: Remote Forest Habitation Connectivity Barriers.,"Routine administrative maintenance, repair, staff posting, or scheme execution.","Requires new R&D, IoT sensor network, AI computer vision, or hardware prototyping.",Requires immediate field relief today + long-term university research innovation.
PRB0111,Tribal & Remote Community Issues,Forest Produce Pricing & Middlemen Exploitation,Forest Produce Pricing & Middlemen Exploitation Intent,Detailed civic issue under Tribal & Remote Community Issues: Forest Produce Pricing & Middlemen Exploitation.,"Routine administrative maintenance, repair, staff posting, or scheme execution.","Requires new R&D, IoT sensor network, AI computer vision, or hardware prototyping.",Requires immediate field relief today + long-term university research innovation.
PRB0112,Tribal & Remote Community Issues,Lack of Tribal Vernacular Education Materials,Lack of Tribal Vernacular Education Materials Intent,Detailed civic issue under Tribal & Remote Community Issues: Lack of Tribal Vernacular Education Materials.,"Routine administrative maintenance, repair, staff posting, or scheme execution.","Requires new R&D, IoT sensor network, AI computer vision, or hardware prototyping.",Requires immediate field relief today + long-term university research innovation.
PRB0113,Tribal & Remote Community Issues,Forest Rights Act (FRA) Land Patta Delays,Forest Rights Act (FRA) Land Patta Delays Intent,Detailed civic issue under Tribal & Remote Community Issues: Forest Rights Act (FRA) Land Patta Delays.,"Routine administrative maintenance, repair, staff posting, or scheme execution.","Requires new R&D, IoT sensor network, AI computer vision, or hardware prototyping.",Requires immediate field relief today + long-term university research innovation.
PRB0114,Tribal & Remote Community Issues,Inaccessible Banking & Financial Services in Tribal Belts,Inaccessible Banking & Financial Services in Tribal Belts Intent,Detailed civic issue under Tribal & Remote Community Issues: Inaccessible Banking & Financial Services in Tribal Belts.,"Routine administrative maintenance, repair, staff posting, or scheme execution.","Requires new R&D, IoT sensor network, AI computer vision, or hardware prototyping.",Requires immediate field relief today + long-term university research innovation.
PRB0115,"Forest, Environment & Wildlife",Illegal Deforestation & Timber Smuggling,Illegal Deforestation & Timber Smuggling Intent,"Detailed civic issue under Forest, Environment & Wildlife: Illegal Deforestation & Timber Smuggling.","Routine administrative maintenance, repair, staff posting, or scheme execution.","Requires new R&D, IoT sensor network, AI computer vision, or hardware prototyping.",Requires immediate field relief today + long-term university research innovation.
PRB0116,"Forest, Environment & Wildlife",Forest Fires & Biodiversity Loss,Forest Fires & Biodiversity Loss Intent,"Detailed civic issue under Forest, Environment & Wildlife: Forest Fires & Biodiversity Loss.","Routine administrative maintenance, repair, staff posting, or scheme execution.","Requires new R&D, IoT sensor network, AI computer vision, or hardware prototyping.",Requires immediate field relief today + long-term university research innovation.
PRB0117,"Forest, Environment & Wildlife",Human-Elephant Conflict & Crop Raid Damage,Human-Elephant Conflict & Crop Raid Damage Intent,"Detailed civic issue under Forest, Environment & Wildlife: Human-Elephant Conflict & Crop Raid Damage.","Routine administrative maintenance, repair, staff posting, or scheme execution.","Requires new R&D, IoT sensor network, AI computer vision, or hardware prototyping.",Requires immediate field relief today + long-term university research innovation.
PRB0118,"Forest, Environment & Wildlife",Industrial & Mining Dust Air Pollution,Industrial & Mining Dust Air Pollution Intent,"Detailed civic issue under Forest, Environment & Wildlife: Industrial & Mining Dust Air Pollution.","Routine administrative maintenance, repair, staff posting, or scheme execution.","Requires new R&D, IoT sensor network, AI computer vision, or hardware prototyping.",Requires immediate field relief today + long-term university research innovation.
PRB0119,"Forest, Environment & Wildlife",River Water Contamination from Industrial Effluents,River Water Contamination from Industrial Effluents Intent,"Detailed civic issue under Forest, Environment & Wildlife: River Water Contamination from Industrial Effluents.","Routine administrative maintenance, repair, staff posting, or scheme execution.","Requires new R&D, IoT sensor network, AI computer vision, or hardware prototyping.",Requires immediate field relief today + long-term university research innovation.
PRB0120,"Forest, Environment & Wildlife",Unchecked Plastic & Municipal Solid Waste Dumping,Unchecked Plastic & Municipal Solid Waste Dumping Intent,"Detailed civic issue under Forest, Environment & Wildlife: Unchecked Plastic & Municipal Solid Waste Dumping.","Routine administrative maintenance, repair, staff posting, or scheme execution.","Requires new R&D, IoT sensor network, AI computer vision, or hardware prototyping.",Requires immediate field relief today + long-term university research innovation.
PRB0121,Mining Area Problems,Heavy Coal Dust & Suspended Particulate Pollution,Heavy Coal Dust & Suspended Particulate Pollution Intent,Detailed civic issue under Mining Area Problems: Heavy Coal Dust & Suspended Particulate Pollution.,"Routine administrative maintenance, repair, staff posting, or scheme execution.","Requires new R&D, IoT sensor network, AI computer vision, or hardware prototyping.",Requires immediate field relief today + long-term university research innovation.
PRB0122,Mining Area Problems,Groundwater Contamination in Coal & Iron Belts,Groundwater Contamination in Coal & Iron Belts Intent,Detailed civic issue under Mining Area Problems: Groundwater Contamination in Coal & Iron Belts.,"Routine administrative maintenance, repair, staff posting, or scheme execution.","Requires new R&D, IoT sensor network, AI computer vision, or hardware prototyping.",Requires immediate field relief today + long-term university research innovation.
PRB0123,Mining Area Problems,Mine Subsidence Cracks in Village Dwellings,Mine Subsidence Cracks in Village Dwellings Intent,Detailed civic issue under Mining Area Problems: Mine Subsidence Cracks in Village Dwellings.,"Routine administrative maintenance, repair, staff posting, or scheme execution.","Requires new R&D, IoT sensor network, AI computer vision, or hardware prototyping.",Requires immediate field relief today + long-term university research innovation.
PRB0124,Mining Area Problems,Abandoned Mining Pits & Safety Hazards,Abandoned Mining Pits & Safety Hazards Intent,Detailed civic issue under Mining Area Problems: Abandoned Mining Pits & Safety Hazards.,"Routine administrative maintenance, repair, staff posting, or scheme execution.","Requires new R&D, IoT sensor network, AI computer vision, or hardware prototyping.",Requires immediate field relief today + long-term university research innovation.
PRB0125,Mining Area Problems,Heavy Truck Overloading Road Destruction,Heavy Truck Overloading Road Destruction Intent,Detailed civic issue under Mining Area Problems: Heavy Truck Overloading Road Destruction.,"Routine administrative maintenance, repair, staff posting, or scheme execution.","Requires new R&D, IoT sensor network, AI computer vision, or hardware prototyping.",Requires immediate field relief today + long-term university research innovation.
PRB0126,Sanitation & Waste Management,Absence of Toilets & Open Defecation,Absence of Toilets & Open Defecation Intent,Detailed civic issue under Sanitation & Waste Management: Absence of Toilets & Open Defecation.,"Routine administrative maintenance, repair, staff posting, or scheme execution.","Requires new R&D, IoT sensor network, AI computer vision, or hardware prototyping.",Requires immediate field relief today + long-term university research innovation.
PRB0127,Sanitation & Waste Management,Waterless Unusable Public & School Toilets,Waterless Unusable Public & School Toilets Intent,Detailed civic issue under Sanitation & Waste Management: Waterless Unusable Public & School Toilets.,"Routine administrative maintenance, repair, staff posting, or scheme execution.","Requires new R&D, IoT sensor network, AI computer vision, or hardware prototyping.",Requires immediate field relief today + long-term university research innovation.
PRB0128,Sanitation & Waste Management,Lack of Underground Sewage & Overflowing Drains,Lack of Underground Sewage & Overflowing Drains Intent,Detailed civic issue under Sanitation & Waste Management: Lack of Underground Sewage & Overflowing Drains.,"Routine administrative maintenance, repair, staff posting, or scheme execution.","Requires new R&D, IoT sensor network, AI computer vision, or hardware prototyping.",Requires immediate field relief today + long-term university research innovation.
PRB0129,Sanitation & Waste Management,Uncollected Municipal Garbage & Open Dumping,Uncollected Municipal Garbage & Open Dumping Intent,Detailed civic issue under Sanitation & Waste Management: Uncollected Municipal Garbage & Open Dumping.,"Routine administrative maintenance, repair, staff posting, or scheme execution.","Requires new R&D, IoT sensor network, AI computer vision, or hardware prototyping.",Requires immediate field relief today + long-term university research innovation.
PRB0130,Sanitation & Waste Management,Absence of Waste Segregation & Processing Units,Absence of Waste Segregation & Processing Units Intent,Detailed civic issue under Sanitation & Waste Management: Absence of Waste Segregation & Processing Units.,"Routine administrative maintenance, repair, staff posting, or scheme execution.","Requires new R&D, IoT sensor network, AI computer vision, or hardware prototyping.",Requires immediate field relief today + long-term university research innovation.
PRB0131,Housing & PMAY,Homeless Families & Unsafe Kutcha Houses,Homeless Families & Unsafe Kutcha Houses Intent,Detailed civic issue under Housing & PMAY: Homeless Families & Unsafe Kutcha Houses.,"Routine administrative maintenance, repair, staff posting, or scheme execution.","Requires new R&D, IoT sensor network, AI computer vision, or hardware prototyping.",Requires immediate field relief today + long-term university research innovation.
PRB0132,Housing & PMAY,Monsoon Roof Leakage & Flood-Prone Dwellings,Monsoon Roof Leakage & Flood-Prone Dwellings Intent,Detailed civic issue under Housing & PMAY: Monsoon Roof Leakage & Flood-Prone Dwellings.,"Routine administrative maintenance, repair, staff posting, or scheme execution.","Requires new R&D, IoT sensor network, AI computer vision, or hardware prototyping.",Requires immediate field relief today + long-term university research innovation.
PRB0133,Housing & PMAY,Pradhan Mantri Awas Yojana (PMAY) Construction Delays,Pradhan Mantri Awas Yojana (PMAY) Construction Delays Intent,Detailed civic issue under Housing & PMAY: Pradhan Mantri Awas Yojana (PMAY) Construction Delays.,"Routine administrative maintenance, repair, staff posting, or scheme execution.","Requires new R&D, IoT sensor network, AI computer vision, or hardware prototyping.",Requires immediate field relief today + long-term university research innovation.
PRB0134,Housing & PMAY,Lack of Household Electricity & Water Connections,Lack of Household Electricity & Water Connections Intent,Detailed civic issue under Housing & PMAY: Lack of Household Electricity & Water Connections.,"Routine administrative maintenance, repair, staff posting, or scheme execution.","Requires new R&D, IoT sensor network, AI computer vision, or hardware prototyping.",Requires immediate field relief today + long-term university research innovation.
PRB0135,Women Welfare & Safety,Female Unemployment & Lack of SHG Market Linkages,Female Unemployment & Lack of SHG Market Linkages Intent,Detailed civic issue under Women Welfare & Safety: Female Unemployment & Lack of SHG Market Linkages.,"Routine administrative maintenance, repair, staff posting, or scheme execution.","Requires new R&D, IoT sensor network, AI computer vision, or hardware prototyping.",Requires immediate field relief today + long-term university research innovation.
PRB0136,Women Welfare & Safety,Menstrual Hygiene Access Deficit & Girl Dropouts,Menstrual Hygiene Access Deficit & Girl Dropouts Intent,Detailed civic issue under Women Welfare & Safety: Menstrual Hygiene Access Deficit & Girl Dropouts.,"Routine administrative maintenance, repair, staff posting, or scheme execution.","Requires new R&D, IoT sensor network, AI computer vision, or hardware prototyping.",Requires immediate field relief today + long-term university research innovation.
PRB0137,Women Welfare & Safety,Unsafe Public Transport & Lack of Helpline Response,Unsafe Public Transport & Lack of Helpline Response Intent,Detailed civic issue under Women Welfare & Safety: Unsafe Public Transport & Lack of Helpline Response.,"Routine administrative maintenance, repair, staff posting, or scheme execution.","Requires new R&D, IoT sensor network, AI computer vision, or hardware prototyping.",Requires immediate field relief today + long-term university research innovation.
PRB0138,Women Welfare & Safety,Lack of Women Financial Inclusion & Digital Literacy,Lack of Women Financial Inclusion & Digital Literacy Intent,Detailed civic issue under Women Welfare & Safety: Lack of Women Financial Inclusion & Digital Literacy.,"Routine administrative maintenance, repair, staff posting, or scheme execution.","Requires new R&D, IoT sensor network, AI computer vision, or hardware prototyping.",Requires immediate field relief today + long-term university research innovation.
PRB0139,Child Rights & Welfare,Child Labor & Early Child Marriage Risks,Child Labor & Early Child Marriage Risks Intent,Detailed civic issue under Child Rights & Welfare: Child Labor & Early Child Marriage Risks.,"Routine administrative maintenance, repair, staff posting, or scheme execution.","Requires new R&D, IoT sensor network, AI computer vision, or hardware prototyping.",Requires immediate field relief today + long-term university research innovation.
PRB0140,Child Rights & Welfare,Unsafe School Buildings & Missing Transport,Unsafe School Buildings & Missing Transport Intent,Detailed civic issue under Child Rights & Welfare: Unsafe School Buildings & Missing Transport.,"Routine administrative maintenance, repair, staff posting, or scheme execution.","Requires new R&D, IoT sensor network, AI computer vision, or hardware prototyping.",Requires immediate field relief today + long-term university research innovation.
PRB0141,Child Rights & Welfare,Anganwadi Preschool Infrastructure Deficit,Anganwadi Preschool Infrastructure Deficit Intent,Detailed civic issue under Child Rights & Welfare: Anganwadi Preschool Infrastructure Deficit.,"Routine administrative maintenance, repair, staff posting, or scheme execution.","Requires new R&D, IoT sensor network, AI computer vision, or hardware prototyping.",Requires immediate field relief today + long-term university research innovation.
PRB0142,Elderly Care & Pensions,Old Age & Widow Pension Payment Delays,Old Age & Widow Pension Payment Delays Intent,Detailed civic issue under Elderly Care & Pensions: Old Age & Widow Pension Payment Delays.,"Routine administrative maintenance, repair, staff posting, or scheme execution.","Requires new R&D, IoT sensor network, AI computer vision, or hardware prototyping.",Requires immediate field relief today + long-term university research innovation.
PRB0143,Elderly Care & Pensions,Complex Biometric Linkage Barriers for Pensioners,Complex Biometric Linkage Barriers for Pensioners Intent,Detailed civic issue under Elderly Care & Pensions: Complex Biometric Linkage Barriers for Pensioners.,"Routine administrative maintenance, repair, staff posting, or scheme execution.","Requires new R&D, IoT sensor network, AI computer vision, or hardware prototyping.",Requires immediate field relief today + long-term university research innovation.
PRB0144,Elderly Care & Pensions,Inaccessible Healthcare & Geriatric Care Deficit,Inaccessible Healthcare & Geriatric Care Deficit Intent,Detailed civic issue under Elderly Care & Pensions: Inaccessible Healthcare & Geriatric Care Deficit.,"Routine administrative maintenance, repair, staff posting, or scheme execution.","Requires new R&D, IoT sensor network, AI computer vision, or hardware prototyping.",Requires immediate field relief today + long-term university research innovation.
PRB0145,Persons with Disabilities (PwD),"Inaccessible Public Buildings, Ramps & Toilets","Inaccessible Public Buildings, Ramps & Toilets Intent","Detailed civic issue under Persons with Disabilities (PwD): Inaccessible Public Buildings, Ramps & Toilets.","Routine administrative maintenance, repair, staff posting, or scheme execution.","Requires new R&D, IoT sensor network, AI computer vision, or hardware prototyping.",Requires immediate field relief today + long-term university research innovation.
PRB0146,Persons with Disabilities (PwD),Disability Certificate Application Delays,Disability Certificate Application Delays Intent,Detailed civic issue under Persons with Disabilities (PwD): Disability Certificate Application Delays.,"Routine administrative maintenance, repair, staff posting, or scheme execution.","Requires new R&D, IoT sensor network, AI computer vision, or hardware prototyping.",Requires immediate field relief today + long-term university research innovation.
PRB0147,Persons with Disabilities (PwD),Lack of Assistive Devices & Inclusive Education,Lack of Assistive Devices & Inclusive Education Intent,Detailed civic issue under Persons with Disabilities (PwD): Lack of Assistive Devices & Inclusive Education.,"Routine administrative maintenance, repair, staff posting, or scheme execution.","Requires new R&D, IoT sensor network, AI computer vision, or hardware prototyping.",Requires immediate field relief today + long-term university research innovation.
PRB0148,Government Scheme Delivery,Citizen Ignorance of Eligible Welfare Schemes,Citizen Ignorance of Eligible Welfare Schemes Intent,Detailed civic issue under Government Scheme Delivery: Citizen Ignorance of Eligible Welfare Schemes.,"Routine administrative maintenance, repair, staff posting, or scheme execution.","Requires new R&D, IoT sensor network, AI computer vision, or hardware prototyping.",Requires immediate field relief today + long-term university research innovation.
PRB0149,Government Scheme Delivery,Complex Documentation & Aadhaar Linkage Errors,Complex Documentation & Aadhaar Linkage Errors Intent,Detailed civic issue under Government Scheme Delivery: Complex Documentation & Aadhaar Linkage Errors.,"Routine administrative maintenance, repair, staff posting, or scheme execution.","Requires new R&D, IoT sensor network, AI computer vision, or hardware prototyping.",Requires immediate field relief today + long-term university research innovation.
PRB0150,Government Scheme Delivery,Pending Scheme Applications & Payment Delays,Pending Scheme Applications & Payment Delays Intent,Detailed civic issue under Government Scheme Delivery: Pending Scheme Applications & Payment Delays.,"Routine administrative maintenance, repair, staff posting, or scheme execution.","Requires new R&D, IoT sensor network, AI computer vision, or hardware prototyping.",Requires immediate field relief today + long-term university research innovation.
PRB0151,Government Scheme Delivery,Corruption Allegations & Rejected Applications,Corruption Allegations & Rejected Applications Intent,Detailed civic issue under Government Scheme Delivery: Corruption Allegations & Rejected Applications.,"Routine administrative maintenance, repair, staff posting, or scheme execution.","Requires new R&D, IoT sensor network, AI computer vision, or hardware prototyping.",Requires immediate field relief today + long-term university research innovation.
PRB0152,PDS & Food Security,Far Away & Irregular Ration Shop Opening,Far Away & Irregular Ration Shop Opening Intent,Detailed civic issue under PDS & Food Security: Far Away & Irregular Ration Shop Opening.,"Routine administrative maintenance, repair, staff posting, or scheme execution.","Requires new R&D, IoT sensor network, AI computer vision, or hardware prototyping.",Requires immediate field relief today + long-term university research innovation.
PRB0153,PDS & Food Security,Biometric Fingerprint Authentication Failure at PDS,Biometric Fingerprint Authentication Failure at PDS Intent,Detailed civic issue under PDS & Food Security: Biometric Fingerprint Authentication Failure at PDS.,"Routine administrative maintenance, repair, staff posting, or scheme execution.","Requires new R&D, IoT sensor network, AI computer vision, or hardware prototyping.",Requires immediate field relief today + long-term university research innovation.
PRB0154,PDS & Food Security,Short Grain Delivery & Substandard Ration Quality,Short Grain Delivery & Substandard Ration Quality Intent,Detailed civic issue under PDS & Food Security: Short Grain Delivery & Substandard Ration Quality.,"Routine administrative maintenance, repair, staff posting, or scheme execution.","Requires new R&D, IoT sensor network, AI computer vision, or hardware prototyping.",Requires immediate field relief today + long-term university research innovation.
PRB0155,PDS & Food Security,Delays in Member Addition to Ration Cards,Delays in Member Addition to Ration Cards Intent,Detailed civic issue under PDS & Food Security: Delays in Member Addition to Ration Cards.,"Routine administrative maintenance, repair, staff posting, or scheme execution.","Requires new R&D, IoT sensor network, AI computer vision, or hardware prototyping.",Requires immediate field relief today + long-term university research innovation.
PRB0156,Banking & Financial Inclusion,Distant Bank Branches & Non-functional ATMs,Distant Bank Branches & Non-functional ATMs Intent,Detailed civic issue under Banking & Financial Inclusion: Distant Bank Branches & Non-functional ATMs.,"Routine administrative maintenance, repair, staff posting, or scheme execution.","Requires new R&D, IoT sensor network, AI computer vision, or hardware prototyping.",Requires immediate field relief today + long-term university research innovation.
PRB0157,Banking & Financial Inclusion,Bank Correspondent (BC) Unavailability,Bank Correspondent (BC) Unavailability Intent,Detailed civic issue under Banking & Financial Inclusion: Bank Correspondent (BC) Unavailability.,"Routine administrative maintenance, repair, staff posting, or scheme execution.","Requires new R&D, IoT sensor network, AI computer vision, or hardware prototyping.",Requires immediate field relief today + long-term university research innovation.
PRB0158,Banking & Financial Inclusion,Direct Benefit Transfer (DBT) Account Failure,Direct Benefit Transfer (DBT) Account Failure Intent,Detailed civic issue under Banking & Financial Inclusion: Direct Benefit Transfer (DBT) Account Failure.,"Routine administrative maintenance, repair, staff posting, or scheme execution.","Requires new R&D, IoT sensor network, AI computer vision, or hardware prototyping.",Requires immediate field relief today + long-term university research innovation.
PRB0159,Banking & Financial Inclusion,Complex Credit & Agricultural Loan Access,Complex Credit & Agricultural Loan Access Intent,Detailed civic issue under Banking & Financial Inclusion: Complex Credit & Agricultural Loan Access.,"Routine administrative maintenance, repair, staff posting, or scheme execution.","Requires new R&D, IoT sensor network, AI computer vision, or hardware prototyping.",Requires immediate field relief today + long-term university research innovation.
PRB0160,"Police, Safety & Emergency",Distant Police Stations & Slow Emergency Response,Distant Police Stations & Slow Emergency Response Intent,"Detailed civic issue under Police, Safety & Emergency: Distant Police Stations & Slow Emergency Response.","Routine administrative maintenance, repair, staff posting, or scheme execution.","Requires new R&D, IoT sensor network, AI computer vision, or hardware prototyping.",Requires immediate field relief today + long-term university research innovation.
PRB0161,"Police, Safety & Emergency",Cybercrime Fraud & Financial Phishing,Cybercrime Fraud & Financial Phishing Intent,"Detailed civic issue under Police, Safety & Emergency: Cybercrime Fraud & Financial Phishing.","Routine administrative maintenance, repair, staff posting, or scheme execution.","Requires new R&D, IoT sensor network, AI computer vision, or hardware prototyping.",Requires immediate field relief today + long-term university research innovation.
PRB0162,"Police, Safety & Emergency",Traffic Safety Deficit & Accident Blackspots,Traffic Safety Deficit & Accident Blackspots Intent,"Detailed civic issue under Police, Safety & Emergency: Traffic Safety Deficit & Accident Blackspots.","Routine administrative maintenance, repair, staff posting, or scheme execution.","Requires new R&D, IoT sensor network, AI computer vision, or hardware prototyping.",Requires immediate field relief today + long-term university research innovation.
PRB0163,Disaster Management,Severe Agricultural Drought & Lightning Casualties,Severe Agricultural Drought & Lightning Casualties Intent,Detailed civic issue under Disaster Management: Severe Agricultural Drought & Lightning Casualties.,"Routine administrative maintenance, repair, staff posting, or scheme execution.","Requires new R&D, IoT sensor network, AI computer vision, or hardware prototyping.",Requires immediate field relief today + long-term university research innovation.
PRB0164,Disaster Management,Flash Floods & Monsoon River Submergence,Flash Floods & Monsoon River Submergence Intent,Detailed civic issue under Disaster Management: Flash Floods & Monsoon River Submergence.,"Routine administrative maintenance, repair, staff posting, or scheme execution.","Requires new R&D, IoT sensor network, AI computer vision, or hardware prototyping.",Requires immediate field relief today + long-term university research innovation.
PRB0165,Disaster Management,Lack of Early Warning Sirens & Disaster Shelters,Lack of Early Warning Sirens & Disaster Shelters Intent,Detailed civic issue under Disaster Management: Lack of Early Warning Sirens & Disaster Shelters.,"Routine administrative maintenance, repair, staff posting, or scheme execution.","Requires new R&D, IoT sensor network, AI computer vision, or hardware prototyping.",Requires immediate field relief today + long-term university research innovation.
PRB0166,Urban Infrastructure & Local Body,Urban Traffic Congestion & Parking Chaos,Urban Traffic Congestion & Parking Chaos Intent,Detailed civic issue under Urban Infrastructure & Local Body: Urban Traffic Congestion & Parking Chaos.,"Routine administrative maintenance, repair, staff posting, or scheme execution.","Requires new R&D, IoT sensor network, AI computer vision, or hardware prototyping.",Requires immediate field relief today + long-term university research innovation.
PRB0167,Urban Infrastructure & Local Body,Choked Urban Drainage & Monsoon Waterlogging,Choked Urban Drainage & Monsoon Waterlogging Intent,Detailed civic issue under Urban Infrastructure & Local Body: Choked Urban Drainage & Monsoon Waterlogging.,"Routine administrative maintenance, repair, staff posting, or scheme execution.","Requires new R&D, IoT sensor network, AI computer vision, or hardware prototyping.",Requires immediate field relief today + long-term university research innovation.
PRB0168,Urban Infrastructure & Local Body,Uncollected City Solid Waste & Open Burning,Uncollected City Solid Waste & Open Burning Intent,Detailed civic issue under Urban Infrastructure & Local Body: Uncollected City Solid Waste & Open Burning.,"Routine administrative maintenance, repair, staff posting, or scheme execution.","Requires new R&D, IoT sensor network, AI computer vision, or hardware prototyping.",Requires immediate field relief today + long-term university research innovation.
PRB0169,Urban Infrastructure & Local Body,Low Urban Piped Water Coverage & Low Pressure,Low Urban Piped Water Coverage & Low Pressure Intent,Detailed civic issue under Urban Infrastructure & Local Body: Low Urban Piped Water Coverage & Low Pressure.,"Routine administrative maintenance, repair, staff posting, or scheme execution.","Requires new R&D, IoT sensor network, AI computer vision, or hardware prototyping.",Requires immediate field relief today + long-term university research innovation.
PRB0170,Rural Governance & Panchayats,Low Gram Sabha Attendance & Inadequate Planning,Low Gram Sabha Attendance & Inadequate Planning Intent,Detailed civic issue under Rural Governance & Panchayats: Low Gram Sabha Attendance & Inadequate Planning.,"Routine administrative maintenance, repair, staff posting, or scheme execution.","Requires new R&D, IoT sensor network, AI computer vision, or hardware prototyping.",Requires immediate field relief today + long-term university research innovation.
PRB0171,Rural Governance & Panchayats,Panchayat Bhavan Infrastructure Damage & No Internet,Panchayat Bhavan Infrastructure Damage & No Internet Intent,Detailed civic issue under Rural Governance & Panchayats: Panchayat Bhavan Infrastructure Damage & No Internet.,"Routine administrative maintenance, repair, staff posting, or scheme execution.","Requires new R&D, IoT sensor network, AI computer vision, or hardware prototyping.",Requires immediate field relief today + long-term university research innovation.
PRB0172,Rural Governance & Panchayats,Delayed Fund Utilization & Social Audit Deficit,Delayed Fund Utilization & Social Audit Deficit Intent,Detailed civic issue under Rural Governance & Panchayats: Delayed Fund Utilization & Social Audit Deficit.,"Routine administrative maintenance, repair, staff posting, or scheme execution.","Requires new R&D, IoT sensor network, AI computer vision, or hardware prototyping.",Requires immediate field relief today + long-term university research innovation.
PRB0173,"Land, Revenue & Mutation",Incorrect Land Records & Mutation Delays,Incorrect Land Records & Mutation Delays Intent,"Detailed civic issue under Land, Revenue & Mutation: Incorrect Land Records & Mutation Delays.","Routine administrative maintenance, repair, staff posting, or scheme execution.","Requires new R&D, IoT sensor network, AI computer vision, or hardware prototyping.",Requires immediate field relief today + long-term university research innovation.
PRB0174,"Land, Revenue & Mutation",Land Boundary & Inheritance Disputes,Land Boundary & Inheritance Disputes Intent,"Detailed civic issue under Land, Revenue & Mutation: Land Boundary & Inheritance Disputes.","Routine administrative maintenance, repair, staff posting, or scheme execution.","Requires new R&D, IoT sensor network, AI computer vision, or hardware prototyping.",Requires immediate field relief today + long-term university research innovation.
PRB0175,"Land, Revenue & Mutation","Delays in Caste, Income & Residence Certificates","Delays in Caste, Income & Residence Certificates Intent","Detailed civic issue under Land, Revenue & Mutation: Delays in Caste, Income & Residence Certificates.","Routine administrative maintenance, repair, staff posting, or scheme execution.","Requires new R&D, IoT sensor network, AI computer vision, or hardware prototyping.",Requires immediate field relief today + long-term university research innovation.
PRB0176,"Industry, MSME & Startups",Lack of Local Industrial Jobs & MSME Credit,Lack of Local Industrial Jobs & MSME Credit Intent,"Detailed civic issue under Industry, MSME & Startups: Lack of Local Industrial Jobs & MSME Credit.","Routine administrative maintenance, repair, staff posting, or scheme execution.","Requires new R&D, IoT sensor network, AI computer vision, or hardware prototyping.",Requires immediate field relief today + long-term university research innovation.
PRB0177,"Industry, MSME & Startups",High Industrial Power Costs & Compliance Burdens,High Industrial Power Costs & Compliance Burdens Intent,"Detailed civic issue under Industry, MSME & Startups: High Industrial Power Costs & Compliance Burdens.","Routine administrative maintenance, repair, staff posting, or scheme execution.","Requires new R&D, IoT sensor network, AI computer vision, or hardware prototyping.",Requires immediate field relief today + long-term university research innovation.
PRB0178,"Industry, MSME & Startups",Weak Startup Incubation & Prototyping Support,Weak Startup Incubation & Prototyping Support Intent,"Detailed civic issue under Industry, MSME & Startups: Weak Startup Incubation & Prototyping Support.","Routine administrative maintenance, repair, staff posting, or scheme execution.","Requires new R&D, IoT sensor network, AI computer vision, or hardware prototyping.",Requires immediate field relief today + long-term university research innovation.
PRB0179,Tourism & Heritage,Poor Access Roads & Signage to Tourist Spots,Poor Access Roads & Signage to Tourist Spots Intent,Detailed civic issue under Tourism & Heritage: Poor Access Roads & Signage to Tourist Spots.,"Routine administrative maintenance, repair, staff posting, or scheme execution.","Requires new R&D, IoT sensor network, AI computer vision, or hardware prototyping.",Requires immediate field relief today + long-term university research innovation.
PRB0180,Tourism & Heritage,Lack of Sanitation & Visitor Amenities at Waterfalls,Lack of Sanitation & Visitor Amenities at Waterfalls Intent,Detailed civic issue under Tourism & Heritage: Lack of Sanitation & Visitor Amenities at Waterfalls.,"Routine administrative maintenance, repair, staff posting, or scheme execution.","Requires new R&D, IoT sensor network, AI computer vision, or hardware prototyping.",Requires immediate field relief today + long-term university research innovation.
PRB0181,Tourism & Heritage,Unmaintained Historical Monuments & Heritage Sites,Unmaintained Historical Monuments & Heritage Sites Intent,Detailed civic issue under Tourism & Heritage: Unmaintained Historical Monuments & Heritage Sites.,"Routine administrative maintenance, repair, staff posting, or scheme execution.","Requires new R&D, IoT sensor network, AI computer vision, or hardware prototyping.",Requires immediate field relief today + long-term university research innovation.
PRB0182,Animal Husbandry & Dairy,Distant Veterinary Hospitals & Vaccine Shortage,Distant Veterinary Hospitals & Vaccine Shortage Intent,Detailed civic issue under Animal Husbandry & Dairy: Distant Veterinary Hospitals & Vaccine Shortage.,"Routine administrative maintenance, repair, staff posting, or scheme execution.","Requires new R&D, IoT sensor network, AI computer vision, or hardware prototyping.",Requires immediate field relief today + long-term university research innovation.
PRB0183,Animal Husbandry & Dairy,High Cattle Feed Costs & Lack of Milk Chilling Units,High Cattle Feed Costs & Lack of Milk Chilling Units Intent,Detailed civic issue under Animal Husbandry & Dairy: High Cattle Feed Costs & Lack of Milk Chilling Units.,"Routine administrative maintenance, repair, staff posting, or scheme execution.","Requires new R&D, IoT sensor network, AI computer vision, or hardware prototyping.",Requires immediate field relief today + long-term university research innovation.
PRB0184,Animal Husbandry & Dairy,Poultry & Goat Disease Outbreaks,Poultry & Goat Disease Outbreaks Intent,Detailed civic issue under Animal Husbandry & Dairy: Poultry & Goat Disease Outbreaks.,"Routine administrative maintenance, repair, staff posting, or scheme execution.","Requires new R&D, IoT sensor network, AI computer vision, or hardware prototyping.",Requires immediate field relief today + long-term university research innovation.
PRB0185,Fishery & Aquaculture,Lack of Quality Fish Seed & High Feed Costs,Lack of Quality Fish Seed & High Feed Costs Intent,Detailed civic issue under Fishery & Aquaculture: Lack of Quality Fish Seed & High Feed Costs.,"Routine administrative maintenance, repair, staff posting, or scheme execution.","Requires new R&D, IoT sensor network, AI computer vision, or hardware prototyping.",Requires immediate field relief today + long-term university research innovation.
PRB0186,Fishery & Aquaculture,Fish Pond Water Contamination & Disease,Fish Pond Water Contamination & Disease Intent,Detailed civic issue under Fishery & Aquaculture: Fish Pond Water Contamination & Disease.,"Routine administrative maintenance, repair, staff posting, or scheme execution.","Requires new R&D, IoT sensor network, AI computer vision, or hardware prototyping.",Requires immediate field relief today + long-term university research innovation.
PRB0187,Fishery & Aquaculture,Lack of Cold Chain Transport for Fish Farmers,Lack of Cold Chain Transport for Fish Farmers Intent,Detailed civic issue under Fishery & Aquaculture: Lack of Cold Chain Transport for Fish Farmers.,"Routine administrative maintenance, repair, staff posting, or scheme execution.","Requires new R&D, IoT sensor network, AI computer vision, or hardware prototyping.",Requires immediate field relief today + long-term university research innovation.
PRB0188,Energy Innovation & Microgrids,Faulty Solar Irrigation Pumps & Battery Failure,Faulty Solar Irrigation Pumps & Battery Failure Intent,Detailed civic issue under Energy Innovation & Microgrids: Faulty Solar Irrigation Pumps & Battery Failure.,"Routine administrative maintenance, repair, staff posting, or scheme execution.","Requires new R&D, IoT sensor network, AI computer vision, or hardware prototyping.",Requires immediate field relief today + long-term university research innovation.
PRB0189,Energy Innovation & Microgrids,Unmaintained Off-Grid Solar Mini-Grids,Unmaintained Off-Grid Solar Mini-Grids Intent,Detailed civic issue under Energy Innovation & Microgrids: Unmaintained Off-Grid Solar Mini-Grids.,"Routine administrative maintenance, repair, staff posting, or scheme execution.","Requires new R&D, IoT sensor network, AI computer vision, or hardware prototyping.",Requires immediate field relief today + long-term university research innovation.
PRB0190,Energy Innovation & Microgrids,Biomass Waste Utilization Deficit,Biomass Waste Utilization Deficit Intent,Detailed civic issue under Energy Innovation & Microgrids: Biomass Waste Utilization Deficit.,"Routine administrative maintenance, repair, staff posting, or scheme execution.","Requires new R&D, IoT sensor network, AI computer vision, or hardware prototyping.",Requires immediate field relief today + long-term university research innovation.
PRB0191,"Digital Governance, AI & Micro Problems",Individual Broken Streetlight #17 Near School,Individual Broken Streetlight #17 Near School Intent,"Detailed civic issue under Digital Governance, AI & Micro Problems: Individual Broken Streetlight #17 Near School.","Routine administrative maintenance, repair, staff posting, or scheme execution.","Requires new R&D, IoT sensor network, AI computer vision, or hardware prototyping.",Requires immediate field relief today + long-term university research innovation.
PRB0192,"Digital Governance, AI & Micro Problems",Single Broken Handpump Handle at Panchayat Ward 2,Single Broken Handpump Handle at Panchayat Ward 2 Intent,"Detailed civic issue under Digital Governance, AI & Micro Problems: Single Broken Handpump Handle at Panchayat Ward 2.","Routine administrative maintenance, repair, staff posting, or scheme execution.","Requires new R&D, IoT sensor network, AI computer vision, or hardware prototyping.",Requires immediate field relief today + long-term university research innovation.
PRB0193,"Digital Governance, AI & Micro Problems",Classroom Fan & Light Switch Box Burnt,Classroom Fan & Light Switch Box Burnt Intent,"Detailed civic issue under Digital Governance, AI & Micro Problems: Classroom Fan & Light Switch Box Burnt.","Routine administrative maintenance, repair, staff posting, or scheme execution.","Requires new R&D, IoT sensor network, AI computer vision, or hardware prototyping.",Requires immediate field relief today + long-term university research innovation.
PRB0194,"Digital Governance, AI & Micro Problems",Single Choked Drain Culvert Causing Overflow,Single Choked Drain Culvert Causing Overflow Intent,"Detailed civic issue under Digital Governance, AI & Micro Problems: Single Choked Drain Culvert Causing Overflow.","Routine administrative maintenance, repair, staff posting, or scheme execution.","Requires new R&D, IoT sensor network, AI computer vision, or hardware prototyping.",Requires immediate field relief today + long-term university research innovation.
PRB0195,"Digital Governance, AI & Micro Problems",Biometric Scanner Error at Village CSC Kiosk,Biometric Scanner Error at Village CSC Kiosk Intent,"Detailed civic issue under Digital Governance, AI & Micro Problems: Biometric Scanner Error at Village CSC Kiosk.","Routine administrative maintenance, repair, staff posting, or scheme execution.","Requires new R&D, IoT sensor network, AI computer vision, or hardware prototyping.",Requires immediate field relief today + long-term university research innovation.
PRB0196,"Digital Governance, AI & Micro Problems",Mobile Signal Available at Only One Specific Hilltop,Mobile Signal Available at Only One Specific Hilltop Intent,"Detailed civic issue under Digital Governance, AI & Micro Problems: Mobile Signal Available at Only One Specific Hilltop.","Routine administrative maintenance, repair, staff posting, or scheme execution.","Requires new R&D, IoT sensor network, AI computer vision, or hardware prototyping.",Requires immediate field relief today + long-term university research innovation.
PRB0197,"Digital Governance, AI & Micro Problems",PHC Medicine Stockout of Anti-Venom Vials,PHC Medicine Stockout of Anti-Venom Vials Intent,"Detailed civic issue under Digital Governance, AI & Micro Problems: PHC Medicine Stockout of Anti-Venom Vials.","Routine administrative maintenance, repair, staff posting, or scheme execution.","Requires new R&D, IoT sensor network, AI computer vision, or hardware prototyping.",Requires immediate field relief today + long-term university research innovation.
PRB0198,"Digital Governance, AI & Micro Problems",Single Burnt Pole Fuse Causing Street Power Drop,Single Burnt Pole Fuse Causing Street Power Drop Intent,"Detailed civic issue under Digital Governance, AI & Micro Problems: Single Burnt Pole Fuse Causing Street Power Drop.","Routine administrative maintenance, repair, staff posting, or scheme execution.","Requires new R&D, IoT sensor network, AI computer vision, or hardware prototyping.",Requires immediate field relief today + long-term university research innovation.
